[
  {
    "id": "58323a9e-585d-4cc5-a2ec-d291bf631478",
    "data": [
      {
        "text": "Skype",
        "alias": "call_verb",
        "meta": "@call_verb",
        "userDefined": false
      }
    ],
    "isTemplate": false,
    "count": 1,
    "updated": 1538035085
  },
  {
    "id": "7cf563b7-c287-427b-81a6-93ca223c4fa1",
    "data": [
      {
        "text": "GVC",
        "alias": "call_verb",
        "meta": "@call_verb",
        "userDefined": false
      }
    ],
    "isTemplate": false,
    "count": 0,
    "updated": 1538035085
  },
  {
    "id": "ecf66c8d-6cdb-4fe2-9d43-d8645feb70c2",
    "data": [
      {
        "text": "phone",
        "alias": "call_verb",
        "meta": "@call_verb",
        "userDefined": false
      }
    ],
    "isTemplate": false,
    "count": 0,
    "updated": 1538035085
  },
  {
    "id": "13a12959-1c66-4b10-b6a4-2bc161c3d2e0",
    "data": [
      {
        "text": "Telephone",
        "alias": "call_verb",
        "meta": "@call_verb",
        "userDefined": false
      }
    ],
    "isTemplate": false,
    "count": 0,
    "updated": 1538035085
  },
  {
    "id": "4121af0d-68f2-4723-953c-2f030f49c135",
    "data": [
      {
        "text": "Mobile",
        "alias": "call_verb",
        "meta": "@call_verb",
        "userDefined": false
      }
    ],
    "isTemplate": false,
    "count": 0,
    "updated": 1538035085
  }
]