[
  {
    "id": "36b535fc-6ba8-4c46-b19f-1c9e09bc782f",
    "data": [
      {
        "text": "Email",
        "alias": "contact_method",
        "meta": "@contact_method",
        "userDefined": false
      }
    ],
    "isTemplate": false,
    "count": 0,
    "updated": 1538035472
  },
  {
    "id": "db41e9fb-ff40-4a92-a284-47f792531b2a",
    "data": [
      {
        "text": "mail",
        "alias": "contact_method",
        "meta": "@contact_method",
        "userDefined": false
      }
    ],
    "isTemplate": false,
    "count": 0,
    "updated": 1538035472
  }
]