[
  {
    "id": "70144165-d63d-469d-a821-2fae3bfa7700",
    "data": [
      {
        "text": "I\u0027m done ",
        "userDefined": false
      },
      {
        "text": "today",
        "meta": "@sys.ignore",
        "userDefined": false
      }
    ],
    "isTemplate": false,
    "count": 0,
    "updated": 1537436792
  },
  {
    "id": "e2366c3b-590f-455c-be0f-c8c9deea3b92",
    "data": [
      {
        "text": "No",
        "userDefined": false
      }
    ],
    "isTemplate": false,
    "count": 0,
    "updated": 1537436792
  },
  {
    "id": "0a6c65e2-bcf1-42bd-87d6-7af578895b93",
    "data": [
      {
        "text": "Bye",
        "userDefined": false
      }
    ],
    "isTemplate": false,
    "count": 0,
    "updated": 1537964600
  },
  {
    "id": "268b0132-ce0b-4cec-8c43-7ae29699c6f5",
    "data": [
      {
        "text": "Thanks",
        "userDefined": false
      }
    ],
    "isTemplate": false,
    "count": 0,
    "updated": 1537436792
  }
]