[
  {
    "id": "1b25102e-bec1-4827-8199-b98fcabdb1f1",
    "data": [
      {
        "text": "How do I sign up?",
        "userDefined": false
      }
    ],
    "isTemplate": false,
    "count": 0,
    "updated": 1537894519
  },
  {
    "id": "3137501c-6fa8-45bf-9f90-903e98ea038c",
    "data": [
      {
        "text": "How do I sign up?",
        "userDefined": false
      }
    ],
    "isTemplate": false,
    "count": 0,
    "updated": 1537894631
  },
  {
    "id": "9ac38faf-5c81-4d94-8897-43f0c551bd6b",
    "data": [
      {
        "text": "Joining Google Cloud?",
        "userDefined": false
      }
    ],
    "isTemplate": false,
    "count": 0,
    "updated": 1537894631
  },
  {
    "id": "beba7e25-28e9-4351-ac61-474c12a3166c",
    "data": [
      {
        "text": "Signing up for Google Cloud?",
        "userDefined": false
      }
    ],
    "isTemplate": false,
    "count": 0,
    "updated": 1537894631
  }
]