[
  {
    "id": "8eb38fbf-8391-4b71-ac55-896ea7bb47ac",
    "data": [
      {
        "text": "I wan to talk to a real person.",
        "userDefined": false
      }
    ],
    "isTemplate": false,
    "count": 0,
    "updated": 1537887637
  },
  {
    "id": "c0e40025-4e7e-4a9b-962c-8d389dc87a35",
    "data": [
      {
        "text": "operator",
        "userDefined": false
      }
    ],
    "isTemplate": false,
    "count": 0,
    "updated": 1537887671
  },
  {
    "id": "b9c675fa-dda4-417d-87cd-f92b7e4624be",
    "data": [
      {
        "text": "transfer",
        "userDefined": false
      }
    ],
    "isTemplate": false,
    "count": 0,
    "updated": 1537887671
  },
  {
    "id": "24265df9-b614-41a2-bcd8-26c273e21a5d",
    "data": [
      {
        "text": "I want to talk to a real person.",
        "userDefined": false
      }
    ],
    "isTemplate": false,
    "count": 0,
    "updated": 1537887637
  },
  {
    "id": "8e3be638-8a1c-45c6-82b2-6f63a14238af",
    "data": [
      {
        "text": "operator please?",
        "userDefined": false
      }
    ],
    "isTemplate": false,
    "count": 0,
    "updated": 1537887637
  },
  {
    "id": "fece7759-0526-4fee-961b-45de667b9248",
    "data": [
      {
        "text": "can I talk to a human?",
        "userDefined": false
      }
    ],
    "isTemplate": false,
    "count": 0,
    "updated": 1537887637
  },
  {
    "id": "b9e7050c-d190-4cba-a8bc-a0c1fbceba76",
    "data": [
      {
        "text": "I\u0027d like to talk to an operator?",
        "userDefined": false
      }
    ],
    "isTemplate": false,
    "count": 0,
    "updated": 1537887637
  }
]