[
  {
    "id": "4e768e37-6dba-445c-8624-36e142f44147",
    "data": [
      {
        "text": "change",
        "meta": "@sys.ignore",
        "userDefined": false
      },
      {
        "text": " ",
        "userDefined": false
      },
      {
        "text": "ticket",
        "alias": "support_action",
        "meta": "@support_action",
        "userDefined": true
      }
    ],
    "isTemplate": false,
    "count": 0,
    "updated": 1538038487
  },
  {
    "id": "e4439fc3-0dd0-4ca8-9a09-66ebd128ae04",
    "data": [
      {
        "text": "existing ",
        "userDefined": false
      },
      {
        "text": "ticket",
        "alias": "support_action",
        "meta": "@support_action",
        "userDefined": false
      }
    ],
    "isTemplate": false,
    "count": 0,
    "updated": 1537964974
  },
  {
    "id": "8e8840bc-f18f-4191-aafa-e82bcc001edf",
    "data": [
      {
        "text": "modify ",
        "userDefined": false
      },
      {
        "text": "ticket",
        "alias": "support_action",
        "meta": "@support_action",
        "userDefined": false
      }
    ],
    "isTemplate": false,
    "count": 0,
    "updated": 1537964974
  }
]