[
  {
    "id": "3bd6d833-a09c-4820-9d70-a9d7ac72d949",
    "data": [
      {
        "text": "38299234",
        "alias": "ticket_number",
        "meta": "@ticket_number",
        "userDefined": false
      }
    ],
    "isTemplate": false,
    "count": 0,
    "updated": 1537965114
  },
  {
    "id": "32680d48-0cef-4dab-a287-8e9b4c212a56",
    "data": [
      {
        "text": "ticket",
        "alias": "support_action",
        "meta": "@support_action",
        "userDefined": false
      },
      {
        "text": " ",
        "userDefined": false
      },
      {
        "text": "23411",
        "alias": "ticket_number",
        "meta": "@ticket_number",
        "userDefined": false
      }
    ],
    "isTemplate": false,
    "count": 0,
    "updated": 1537965114
  },
  {
    "id": "b4fbc6de-ed93-43fc-b99d-800ce4897c1c",
    "data": [
      {
        "text": "number ",
        "userDefined": false
      },
      {
        "text": "13422",
        "alias": "ticket_number",
        "meta": "@ticket_number",
        "userDefined": false
      }
    ],
    "isTemplate": false,
    "count": 0,
    "updated": 1537965114
  }
]