[
  {
    "id": "eb6cd614-03ff-4da0-aab5-365252e50d05",
    "data": [
      {
        "text": "the ",
        "userDefined": false
      },
      {
        "text": "fishbowl",
        "alias": "application",
        "meta": "@application",
        "userDefined": false
      },
      {
        "text": " service",
        "userDefined": false
      }
    ],
    "isTemplate": false,
    "count": 0,
    "updated": 1537985044
  },
  {
    "id": "5f58f775-1e7f-4a03-bbda-bab38ffffafd",
    "data": [
      {
        "text": "error with ",
        "userDefined": false
      },
      {
        "text": "fishbowl",
        "alias": "application",
        "meta": "@application",
        "userDefined": false
      }
    ],
    "isTemplate": false,
    "count": 0,
    "updated": 1537964507
  },
  {
    "id": "95aa7b3b-e7d3-4501-ae38-0c4a75fdffdc",
    "data": [
      {
        "text": "fishbowl",
        "alias": "application",
        "meta": "@application",
        "userDefined": false
      },
      {
        "text": " not working",
        "userDefined": false
      }
    ],
    "isTemplate": false,
    "count": 0,
    "updated": 1537964507
  },
  {
    "id": "982a40f1-692f-4a56-aea3-efde14a8291c",
    "data": [
      {
        "text": "@application:application",
        "userDefined": false
      }
    ],
    "isTemplate": true,
    "count": 0,
    "updated": 1537964507
  },
  {
    "id": "7263a02a-a086-4c78-8d9e-9a60748643d1",
    "data": [
      {
        "text": "problem",
        "meta": "@sys.ignore",
        "userDefined": false
      },
      {
        "text": " ",
        "userDefined": false
      },
      {
        "text": "fishbowl",
        "alias": "application",
        "meta": "@application",
        "userDefined": false
      }
    ],
    "isTemplate": false,
    "count": 0,
    "updated": 1537964507
  }
]