[
  {
    "value": "Call",
    "synonyms": [
      "Call"
    ]
  },
  {
    "value": "Skype",
    "synonyms": [
      "Skype"
    ]
  },
  {
    "value": "GVC",
    "synonyms": [
      "GVC"
    ]
  },
  {
    "value": "Mobile",
    "synonyms": [
      "Mobile"
    ]
  },
  {
    "value": "Phone",
    "synonyms": [
      "Phone"
    ]
  },
  {
    "value": "@callVerb:callVerb",
    "synonyms": [
      "@callVerb:callVerb"
    ]
  },
  {
    "value": "Telephone",
    "synonyms": [
      "Telephone"
    ]
  },
  {
    "value": "Google Talk",
    "synonyms": [
      "Google Talk"
    ]
  }
]